{
    "loss": 0.9026718139648438,
    "accuracy": 0.8879310488700867
}